{
 "Afganistán": "Kabul",
 "Alandia": "Mariehamn",
 "Albania": "Tirana",
 "Argelia": "Algiers",
 "Samoa Americana": "Pago Pago",
 "Andorra": "Andorra la Vella",
 "Angola": "Luanda",
 "Anguilla": "The Valley",
 "Antártida": "",
 "Antigua y Barbuda": "Saint John's",
 "Argentina": "Buenos Aires",
 "Armenia": "Yerevan",
 "Aruba": "Oranjestad",
 "Australia": "Canberra",
 "Austria": "Vienna",
 "Azerbaiyán": "Baku",
 "Bahamas": "Nassau",
 "Bahrein": "Manama",
 "Bangladesh": "Dhaka",
 "Barbados": "Bridgetown",
 "Bielorrusia": "Minsk",
 "Bélgica": "Brussels",
 "Belice": "Belmopan",
 "Benín": "Porto-Novo",
 "Bermudas": "Hamilton",
 "Bután": "Thimphu",
 "Bolivia": "Sucre",
 "Bosnia y Herzegovina": "Sarajevo",
 "Botswana": "Gaborone",
 "Isla Bouvet": "",
 "Brasil": "Brasília",
 "Territorio Británico del Océano Índico": "Diego Garcia",
 "Islas Ultramarinas Menores de Estados Unidos": "",
 "Islas Vírgenes del Reino Unido": "Road Town",
 "Islas Vírgenes de los Estados Unidos": "Charlotte Amalie",
 "Brunei": "Bandar Seri Begawan",
 "Bulgaria": "Sofia",
 "Burkina Faso": "Ouagadougou",
 "Burundi": "Bujumbura",
 "Camboya": "Phnom Penh",
 "Camerún": "Yaoundé",
 "Canadá": "Ottawa",
 "Cabo Verde": "Praia",
 "Islas Caimán": "George Town",
 "República Centroafricana": "Bangui",
 "Chad": "N'Djamena",
 "Chile": "Santiago",
 "China": "Beijing",
 "Isla de Navidad": "Flying Fish Cove",
 "Islas Cocos o Islas Keeling": "West Island",
 "Colombia": "Bogotá",
 "Comoras": "Moroni",
 "Congo": "Brazzaville",
 "Congo (Rep. Dem.)": "Kinshasa",
 "Islas Cook": "Avarua",
 "Costa Rica": "San José",
 "Croacia": "Zagreb",
 "Cuba": "Havana",
 "Chipre": "Nicosia",
 "República Checa": "Prague",
 "Dinamarca": "Copenhagen",
 "Yibuti": "Djibouti",
 "Dominica": "Roseau",
 "República Dominicana": "Santo Domingo",
 "Ecuador": "Quito",
 "Egipto": "Cairo",
 "El Salvador": "San Salvador",
 "Guinea Ecuatorial": "Malabo",
 "Eritrea": "Asmara",
 "Estonia": "Tallinn",
 "Etiopía": "Addis Ababa",
 "Islas Malvinas": "Stanley",
 "Islas Faroe": "Tórshavn",
 "Fiyi": "Suva",
 "Finlandia": "Helsinki",
 "Francia": "Paris",
 "Guayana Francesa": "Cayenne",
 "Polinesia Francesa": "Papeetē",
 "Tierras Australes y Antárticas Francesas": "Port-aux-Français",
 "Gabón": "Libreville",
 "Gambia": "Banjul",
 "Georgia": "Tbilisi",
 "Alemania": "Berlin",
 "Ghana": "Accra",
 "Gibraltar": "Gibraltar",
 "Grecia": "Athens",
 "Groenlandia": "Nuuk",
 "Grenada": "St. George's",
 "Guadalupe": "Basse-Terre",
 "Guam": "Hagåtña",
 "Guatemala": "Guatemala City",
 "Guernsey": "St. Peter Port",
 "Guinea": "Conakry",
 "Guinea-Bisáu": "Bissau",
 "Guyana": "Georgetown",
 "Haiti": "Port-au-Prince",
 "Islas Heard y McDonald": "",
 "Santa Sede": "Rome",
 "Honduras": "Tegucigalpa",
 "Hong Kong": "City of Victoria",
 "Hungría": "Budapest",
 "Islandia": "Reykjavík",
 "India": "New Delhi",
 "Indonesia": "Jakarta",
 "Costa de Marfil": "Yamoussoukro",
 "Iran": "Tehran",
 "Irak": "Baghdad",
 "Irlanda": "Dublin",
 "Isla de Man": "Douglas",
 "Israel": "Jerusalem",
 "Italia": "Rome",
 "Jamaica": "Kingston",
 "Japón": "Tokyo",
 "Jersey": "Saint Helier",
 "Jordania": "Amman",
 "Kazajistán": "Astana",
 "Kenia": "Nairobi",
 "Kiribati": "South Tarawa",
 "Kuwait": "Kuwait City",
 "Kirguizistán": "Bishkek",
 "Laos": "Vientiane",
 "Letonia": "Riga",
 "Líbano": "Beirut",
 "Lesotho": "Maseru",
 "Liberia": "Monrovia",
 "Libia": "Tripoli",
 "Liechtenstein": "Vaduz",
 "Lituania": "Vilnius",
 "Luxemburgo": "Luxembourg",
 "Macao": "Macao",
 "Macedonia": "Skopje",
 "Madagascar": "Antananarivo",
 "Malawi": "Lilongwe",
 "Malasia": "Kuala Lumpur",
 "Maldivas": "Malé",
 "Mali": "Bamako",
 "Malta": "Valletta",
 "Islas Marshall": "Majuro",
 "Martinica": "Fort-de-France",
 "Mauritania": "Nouakchott",
 "Mauricio": "Port Louis",
 "Mayotte": "Mamoudzou",
 "México": "Mexico City",
 "Micronesia": "Palikir",
 "Moldavia": "Chișinău",
 "Mónaco": "Monaco",
 "Mongolia": "Ulan Bator",
 "Montenegro": "Podgorica",
 "Montserrat": "Plymouth",
 "Marruecos": "Rabat",
 "Mozambique": "Maputo",
 "Myanmar": "Naypyidaw",
 "Namibia": "Windhoek",
 "Nauru": "Yaren",
 "Nepal": "Kathmandu",
 "Países Bajos": "Amsterdam",
 "Nueva Caledonia": "Nouméa",
 "Nueva Zelanda": "Wellington",
 "Nicaragua": "Managua",
 "Níger": "Niamey",
 "Nigeria": "Abuja",
 "Niue": "Alofi",
 "Isla de Norfolk": "Kingston",
 "Corea del Norte": "Pyongyang",
 "Islas Marianas del Norte": "Saipan",
 "Noruega": "Oslo",
 "Omán": "Muscat",
 "Pakistán": "Islamabad",
 "Palau": "Ngerulmud",
 "Palestina": "Ramallah",
 "Panamá": "Panama City",
 "Papúa Nueva Guinea": "Port Moresby",
 "Paraguay": "Asunción",
 "Perú": "Lima",
 "Filipinas": "Manila",
 "Islas Pitcairn": "Adamstown",
 "Polonia": "Warsaw",
 "Portugal": "Lisbon",
 "Puerto Rico": "San Juan",
 "Catar": "Doha",
 "Kosovo": "Pristina",
 "Reunión": "Saint-Denis",
 "Rumania": "Bucharest",
 "Rusia": "Moscow",
 "Ruanda": "Kigali",
 "San Bartolomé": "Gustavia",
 "Santa Helena": "Jamestown",
 "San Cristóbal y Nieves": "Basseterre",
 "Santa Lucía": "Castries",
 "Saint Martin": "Marigot",
 "San Pedro y Miquelón": "Saint-Pierre",
 "San Vicente y Granadinas": "Kingstown",
 "Samoa": "Apia",
 "San Marino": "City of San Marino",
 "Santo Tomé y Príncipe": "São Tomé",
 "Arabia Saudí": "Riyadh",
 "Senegal": "Dakar",
 "Serbia": "Belgrade",
 "Seychelles": "Victoria",
 "Sierra Leone": "Freetown",
 "Singapur": "Singapore",
 "República Eslovaca": "Bratislava",
 "Eslovenia": "Ljubljana",
 "Islas Salomón": "Honiara",
 "Somalia": "Mogadishu",
 "República de Sudáfrica": "Pretoria",
 "Islas Georgias del Sur y Sandwich del Sur": "King Edward Point",
 "Corea del Sur": "Seoul",
 "Sudán del Sur": "Juba",
 "España": "Madrid",
 "Sri Lanka": "Colombo",
 "Sudán": "Khartoum",
 "Surinam": "Paramaribo",
 "Islas Svalbard y Jan Mayen": "Longyearbyen",
 "Suazilandia": "Lobamba",
 "Suecia": "Stockholm",
 "Suiza": "Bern",
 "Siria": "Damascus",
 "Taiwán": "Taipei",
 "Tayikistán": "Dushanbe",
 "Tanzania": "Dodoma",
 "Tailandia": "Bangkok",
 "Timor Oriental": "Dili",
 "Togo": "Lomé",
 "Islas Tokelau": "Fakaofo",
 "Tonga": "Nuku'alofa",
 "Trinidad y Tobago": "Port of Spain",
 "Túnez": "Tunis",
 "Turquía": "Ankara",
 "Turkmenistán": "Ashgabat",
 "Islas Turks y Caicos": "Cockburn Town",
 "Tuvalu": "Funafuti",
 "Uganda": "Kampala",
 "Ucrania": "Kiev",
 "Emiratos Árabes Unidos": "Abu Dhabi",
 "Reino Unido": "London",
 "Estados Unidos": "Washington, D.C.",
 "Uruguay": "Montevideo",
 "Uzbekistán": "Tashkent",
 "Vanuatu": "Port Vila",
 "Venezuela": "Caracas",
 "Vietnam": "Hanoi",
 "Wallis y Futuna": "Mata-Utu",
 "Sahara Occidental": "El Aaiún",
 "Yemen": "Sana'a",
 "Zambia": "Lusaka",
 "Zimbabue": "Harare"
}